species,latent_dim,feature,encoder_weight,encoder_bias
Actias luna,latent_1,lax,-0.20100218,0.39150283
Actias luna,latent_1,lba,0.30631378,0.39150283
Actias luna,latent_1,lsa,0.056192737,0.39150283
Actias luna,latent_1,ldvm,-0.5266095,0.39150283
Actias luna,latent_1,ldlm,-0.16077346,0.39150283
Actias luna,latent_1,rdlm,-0.23772523,0.39150283
Actias luna,latent_1,rdvm,-0.37692076,0.39150283
Actias luna,latent_1,rsa,0.069684245,0.39150283
Actias luna,latent_1,rax,-0.06034626,0.39150283
Actias luna,latent_1,rba,0.12686451,0.39150283
Actias luna,latent_1,lax_count,0.13710377,0.39150283
Actias luna,latent_1,lba_count,-0.2457186,0.39150283
Actias luna,latent_1,lsa_count,-0.3873084,0.39150283
Actias luna,latent_1,ldvm_count,-0.16558091,0.39150283
Actias luna,latent_1,ldlm_count,-0.17531814,0.39150283
Actias luna,latent_1,rdlm_count,0.15358795,0.39150283
Actias luna,latent_1,rdvm_count,-0.18469867,0.39150283
Actias luna,latent_1,rsa_count,0.119907565,0.39150283
Actias luna,latent_1,rax_count,-0.005142294,0.39150283
Actias luna,latent_1,rba_count,0.20919538,0.39150283
Actias luna,latent_2,lax,0.19106671,-0.37001085
Actias luna,latent_2,lba,-0.46419564,-0.37001085
Actias luna,latent_2,lsa,0.030883102,-0.37001085
Actias luna,latent_2,ldvm,0.31943733,-0.37001085
Actias luna,latent_2,ldlm,-0.20021193,-0.37001085
Actias luna,latent_2,rdlm,-0.00087526394,-0.37001085
Actias luna,latent_2,rdvm,0.3376656,-0.37001085
Actias luna,latent_2,rsa,-0.16745335,-0.37001085
Actias luna,latent_2,rax,-0.40536058,-0.37001085
Actias luna,latent_2,rba,-0.1102182,-0.37001085
Actias luna,latent_2,lax_count,0.029472189,-0.37001085
Actias luna,latent_2,lba_count,0.06174253,-0.37001085
Actias luna,latent_2,lsa_count,0.3307264,-0.37001085
Actias luna,latent_2,ldvm_count,-0.028760515,-0.37001085
Actias luna,latent_2,ldlm_count,0.28083423,-0.37001085
Actias luna,latent_2,rdlm_count,-0.17930555,-0.37001085
Actias luna,latent_2,rdvm_count,0.055983003,-0.37001085
Actias luna,latent_2,rsa_count,-0.27938828,-0.37001085
Actias luna,latent_2,rax_count,-0.27792376,-0.37001085
Actias luna,latent_2,rba_count,-0.06682614,-0.37001085
Antheraea polyphemus,latent_1,lax,-0.08067317,0.13847475
Antheraea polyphemus,latent_1,lba,0.051669385,0.13847475
Antheraea polyphemus,latent_1,lsa,0.019949783,0.13847475
Antheraea polyphemus,latent_1,ldvm,-0.26615608,0.13847475
Antheraea polyphemus,latent_1,ldlm,-0.04963445,0.13847475
Antheraea polyphemus,latent_1,rdlm,0.5659977,0.13847475
Antheraea polyphemus,latent_1,rdvm,0.056349117,0.13847475
Antheraea polyphemus,latent_1,rsa,-0.5624763,0.13847475
Antheraea polyphemus,latent_1,rax,-0.11342395,0.13847475
Antheraea polyphemus,latent_1,rba,0.05797846,0.13847475
Antheraea polyphemus,latent_1,lax_count,0.0049704826,0.13847475
Antheraea polyphemus,latent_1,lba_count,0.1692151,0.13847475
Antheraea polyphemus,latent_1,lsa_count,-0.4473705,0.13847475
Antheraea polyphemus,latent_1,ldvm_count,-0.026656564,0.13847475
Antheraea polyphemus,latent_1,ldlm_count,0.16278873,0.13847475
Antheraea polyphemus,latent_1,rdlm_count,0.2964402,0.13847475
Antheraea polyphemus,latent_1,rdvm_count,-0.23364604,0.13847475
Antheraea polyphemus,latent_1,rsa_count,0.07095797,0.13847475
Antheraea polyphemus,latent_1,rax_count,-0.31051093,0.13847475
Antheraea polyphemus,latent_1,rba_count,0.5620217,0.13847475
Antheraea polyphemus,latent_2,lax,0.2083607,-0.06933266
Antheraea polyphemus,latent_2,lba,-0.039682575,-0.06933266
Antheraea polyphemus,latent_2,lsa,-0.31856194,-0.06933266
Antheraea polyphemus,latent_2,ldvm,0.056834836,-0.06933266
Antheraea polyphemus,latent_2,ldlm,0.08338411,-0.06933266
Antheraea polyphemus,latent_2,rdlm,-0.27126902,-0.06933266
Antheraea polyphemus,latent_2,rdvm,0.119134985,-0.06933266
Antheraea polyphemus,latent_2,rsa,0.49924064,-0.06933266
Antheraea polyphemus,latent_2,rax,0.27761796,-0.06933266
Antheraea polyphemus,latent_2,rba,-0.09532962,-0.06933266
Antheraea polyphemus,latent_2,lax_count,-0.12963793,-0.06933266
Antheraea polyphemus,latent_2,lba_count,0.16208288,-0.06933266
Antheraea polyphemus,latent_2,lsa_count,0.3632988,-0.06933266
Antheraea polyphemus,latent_2,ldvm_count,-0.03741553,-0.06933266
Antheraea polyphemus,latent_2,ldlm_count,0.12633428,-0.06933266
Antheraea polyphemus,latent_2,rdlm_count,-0.3127183,-0.06933266
Antheraea polyphemus,latent_2,rdvm_count,0.23739924,-0.06933266
Antheraea polyphemus,latent_2,rsa_count,-0.21437769,-0.06933266
Antheraea polyphemus,latent_2,rax_count,0.10761504,-0.06933266
Antheraea polyphemus,latent_2,rba_count,-0.43039295,-0.06933266
Automeris io,latent_1,lax,0.1298625,-0.12488233
Automeris io,latent_1,lba,0.055765692,-0.12488233
Automeris io,latent_1,lsa,0.009910479,-0.12488233
Automeris io,latent_1,ldvm,0.36029598,-0.12488233
Automeris io,latent_1,ldlm,-0.023896784,-0.12488233
Automeris io,latent_1,rdlm,-0.13632976,-0.12488233
Automeris io,latent_1,rdvm,0.25400612,-0.12488233
Automeris io,latent_1,rsa,-0.03535408,-0.12488233
Automeris io,latent_1,rax,-0.108622454,-0.12488233
Automeris io,latent_1,rba,-0.07881005,-0.12488233
Automeris io,latent_1,lax_count,-0.37656724,-0.12488233
Automeris io,latent_1,lba_count,0.038408034,-0.12488233
Automeris io,latent_1,lsa_count,-0.35870013,-0.12488233
Automeris io,latent_1,ldvm_count,0.18752214,-0.12488233
Automeris io,latent_1,ldlm_count,0.22523084,-0.12488233
Automeris io,latent_1,rdlm_count,-0.006672607,-0.12488233
Automeris io,latent_1,rdvm_count,0.17870082,-0.12488233
Automeris io,latent_1,rsa_count,-0.3001885,-0.12488233
Automeris io,latent_1,rax_count,0.04369278,-0.12488233
Automeris io,latent_1,rba_count,0.21939087,-0.12488233
Automeris io,latent_2,lax,0.15000649,-0.058692183
Automeris io,latent_2,lba,0.16913359,-0.058692183
Automeris io,latent_2,lsa,-0.11487533,-0.058692183
Automeris io,latent_2,ldvm,-0.29672956,-0.058692183
Automeris io,latent_2,ldlm,0.10703874,-0.058692183
Automeris io,latent_2,rdlm,-0.094122775,-0.058692183
Automeris io,latent_2,rdvm,-0.07073036,-0.058692183
Automeris io,latent_2,rsa,-0.37120783,-0.058692183
Automeris io,latent_2,rax,-0.16994612,-0.058692183
Automeris io,latent_2,rba,-0.052747432,-0.058692183
Automeris io,latent_2,lax_count,0.4022742,-0.058692183
Automeris io,latent_2,lba_count,-0.011946368,-0.058692183
Automeris io,latent_2,lsa_count,0.5633511,-0.058692183
Automeris io,latent_2,ldvm_count,-0.15224402,-0.058692183
Automeris io,latent_2,ldlm_count,0.039454192,-0.058692183
Automeris io,latent_2,rdlm_count,0.30912262,-0.058692183
Automeris io,latent_2,rdvm_count,-0.09693255,-0.058692183
Automeris io,latent_2,rsa_count,0.29558283,-0.058692183
Automeris io,latent_2,rax_count,0.08197251,-0.058692183
Automeris io,latent_2,rba_count,-0.28096092,-0.058692183
Automeris randa,latent_1,lax,0.12880516,0.12504366
Automeris randa,latent_1,lba,0.5365573,0.12504366
Automeris randa,latent_1,lsa,0.3881437,0.12504366
Automeris randa,latent_1,ldvm,-0.097621374,0.12504366
Automeris randa,latent_1,ldlm,-0.14808105,0.12504366
Automeris randa,latent_1,rdlm,-0.0060780803,0.12504366
Automeris randa,latent_1,rdvm,-0.3959462,0.12504366
Automeris randa,latent_1,rsa,0.25312877,0.12504366
Automeris randa,latent_1,rax,0.74032533,0.12504366
Automeris randa,latent_1,rba,-0.12908797,0.12504366
Automeris randa,latent_1,lax_count,0.21017817,0.12504366
Automeris randa,latent_1,lba_count,-0.121224485,0.12504366
Automeris randa,latent_1,lsa_count,-0.07322299,0.12504366
Automeris randa,latent_1,ldvm_count,-0.18119279,0.12504366
Automeris randa,latent_1,ldlm_count,0.0027635456,0.12504366
Automeris randa,latent_1,rdlm_count,-0.21534385,0.12504366
Automeris randa,latent_1,rdvm_count,-0.0692207,0.12504366
Automeris randa,latent_1,rsa_count,-0.18104672,0.12504366
Automeris randa,latent_1,rax_count,-0.08874924,0.12504366
Automeris randa,latent_1,rba_count,-0.09557851,0.12504366
Automeris randa,latent_2,lax,0.006119239,0.037543707
Automeris randa,latent_2,lba,-0.25973472,0.037543707
Automeris randa,latent_2,lsa,-0.4300524,0.037543707
Automeris randa,latent_2,ldvm,0.4436802,0.037543707
Automeris randa,latent_2,ldlm,0.30800134,0.037543707
Automeris randa,latent_2,rdlm,0.29549405,0.037543707
Automeris randa,latent_2,rdvm,0.4196657,0.037543707
Automeris randa,latent_2,rsa,0.10672118,0.037543707
Automeris randa,latent_2,rax,-0.34730273,0.037543707
Automeris randa,latent_2,rba,0.3924744,0.037543707
Automeris randa,latent_2,lax_count,-0.072855845,0.037543707
Automeris randa,latent_2,lba_count,0.037747316,0.037543707
Automeris randa,latent_2,lsa_count,0.014921633,0.037543707
Automeris randa,latent_2,ldvm_count,0.12165375,0.037543707
Automeris randa,latent_2,ldlm_count,-0.35407406,0.037543707
Automeris randa,latent_2,rdlm_count,0.26930636,0.037543707
Automeris randa,latent_2,rdvm_count,0.06563131,0.037543707
Automeris randa,latent_2,rsa_count,-0.09639879,0.037543707
Automeris randa,latent_2,rax_count,-0.26847526,0.037543707
Automeris randa,latent_2,rba_count,-0.015412126,0.037543707
Ceratomia amyntor,latent_1,lax,-0.16182178,0.37758124
Ceratomia amyntor,latent_1,lba,-0.35185862,0.37758124
Ceratomia amyntor,latent_1,lsa,0.46206045,0.37758124
Ceratomia amyntor,latent_1,ldvm,-0.20105644,0.37758124
Ceratomia amyntor,latent_1,ldlm,0.1068719,0.37758124
Ceratomia amyntor,latent_1,rdlm,0.28803083,0.37758124
Ceratomia amyntor,latent_1,rdvm,-0.39190182,0.37758124
Ceratomia amyntor,latent_1,rsa,-0.13767627,0.37758124
Ceratomia amyntor,latent_1,rax,-0.11788527,0.37758124
Ceratomia amyntor,latent_1,rba,-0.13131021,0.37758124
Ceratomia amyntor,latent_1,lax_count,-0.08742596,0.37758124
Ceratomia amyntor,latent_1,lba_count,-0.58666885,0.37758124
Ceratomia amyntor,latent_1,lsa_count,0.38967857,0.37758124
Ceratomia amyntor,latent_1,ldvm_count,-0.58045906,0.37758124
Ceratomia amyntor,latent_1,ldlm_count,-0.10651348,0.37758124
Ceratomia amyntor,latent_1,rdlm_count,-0.039338846,0.37758124
Ceratomia amyntor,latent_1,rdvm_count,0.09690162,0.37758124
Ceratomia amyntor,latent_1,rsa_count,-0.58630645,0.37758124
Ceratomia amyntor,latent_1,rax_count,0.025418002,0.37758124
Ceratomia amyntor,latent_1,rba_count,-0.19982097,0.37758124
Ceratomia amyntor,latent_2,lax,0.03011017,-0.20626715
Ceratomia amyntor,latent_2,lba,0.56815153,-0.20626715
Ceratomia amyntor,latent_2,lsa,-0.4310245,-0.20626715
Ceratomia amyntor,latent_2,ldvm,0.21707796,-0.20626715
Ceratomia amyntor,latent_2,ldlm,-0.4880975,-0.20626715
Ceratomia amyntor,latent_2,rdlm,-0.5052722,-0.20626715
Ceratomia amyntor,latent_2,rdvm,0.09436858,-0.20626715
Ceratomia amyntor,latent_2,rsa,-0.0044358475,-0.20626715
Ceratomia amyntor,latent_2,rax,-0.07235726,-0.20626715
Ceratomia amyntor,latent_2,rba,0.18070047,-0.20626715
Ceratomia amyntor,latent_2,lax_count,-0.13181293,-0.20626715
Ceratomia amyntor,latent_2,lba_count,0.6134384,-0.20626715
Ceratomia amyntor,latent_2,lsa_count,-0.39230242,-0.20626715
Ceratomia amyntor,latent_2,ldvm_count,0.1738378,-0.20626715
Ceratomia amyntor,latent_2,ldlm_count,0.03786175,-0.20626715
Ceratomia amyntor,latent_2,rdlm_count,0.106795184,-0.20626715
Ceratomia amyntor,latent_2,rdvm_count,-0.41123658,-0.20626715
Ceratomia amyntor,latent_2,rsa_count,0.41921133,-0.20626715
Ceratomia amyntor,latent_2,rax_count,0.05397276,-0.20626715
Ceratomia amyntor,latent_2,rba_count,-0.052932143,-0.20626715
Citheronia splendens,latent_1,lax,-0.52516514,0.1490029
Citheronia splendens,latent_1,lba,0.23302624,0.1490029
Citheronia splendens,latent_1,lsa,0.21048075,0.1490029
Citheronia splendens,latent_1,ldvm,0.073317654,0.1490029
Citheronia splendens,latent_1,ldlm,0.17092581,0.1490029
Citheronia splendens,latent_1,rdlm,-0.12205839,0.1490029
Citheronia splendens,latent_1,rdvm,-0.05025683,0.1490029
Citheronia splendens,latent_1,rsa,-0.08838062,0.1490029
Citheronia splendens,latent_1,rax,-0.07653289,0.1490029
Citheronia splendens,latent_1,rba,0.20270957,0.1490029
Citheronia splendens,latent_1,lax_count,-0.030934565,0.1490029
Citheronia splendens,latent_1,lba_count,-0.16892804,0.1490029
Citheronia splendens,latent_1,lsa_count,-0.018885026,0.1490029
Citheronia splendens,latent_1,ldvm_count,0.31910965,0.1490029
Citheronia splendens,latent_1,ldlm_count,0.15883678,0.1490029
Citheronia splendens,latent_1,rdlm_count,0.1315891,0.1490029
Citheronia splendens,latent_1,rdvm_count,0.06890032,0.1490029
Citheronia splendens,latent_1,rsa_count,-0.08872949,0.1490029
Citheronia splendens,latent_1,rax_count,0.27181935,0.1490029
Citheronia splendens,latent_1,rba_count,-0.049937908,0.1490029
Citheronia splendens,latent_2,lax,0.56075853,-0.068112716
Citheronia splendens,latent_2,lba,0.02887343,-0.068112716
Citheronia splendens,latent_2,lsa,0.014587491,-0.068112716
Citheronia splendens,latent_2,ldvm,-0.110597454,-0.068112716
Citheronia splendens,latent_2,ldlm,-0.3179881,-0.068112716
Citheronia splendens,latent_2,rdlm,-0.09865273,-0.068112716
Citheronia splendens,latent_2,rdvm,-0.21233617,-0.068112716
Citheronia splendens,latent_2,rsa,0.21417367,-0.068112716
Citheronia splendens,latent_2,rax,0.05840689,-0.068112716
Citheronia splendens,latent_2,rba,-0.18003319,-0.068112716
Citheronia splendens,latent_2,lax_count,0.016438153,-0.068112716
Citheronia splendens,latent_2,lba_count,-0.21681169,-0.068112716
Citheronia splendens,latent_2,lsa_count,-0.012905377,-0.068112716
Citheronia splendens,latent_2,ldvm_count,0.034482475,-0.068112716
Citheronia splendens,latent_2,ldlm_count,0.063868724,-0.068112716
Citheronia splendens,latent_2,rdlm_count,0.035445448,-0.068112716
Citheronia splendens,latent_2,rdvm_count,-0.05737216,-0.068112716
Citheronia splendens,latent_2,rsa_count,0.1453382,-0.068112716
Citheronia splendens,latent_2,rax_count,0.03972364,-0.068112716
Citheronia splendens,latent_2,rba_count,-0.0423295,-0.068112716
Coloradia doris,latent_1,lax,0.042264014,0.1748274
Coloradia doris,latent_1,lba,0.17731886,0.1748274
Coloradia doris,latent_1,lsa,0.14785458,0.1748274
Coloradia doris,latent_1,ldvm,0.28145772,0.1748274
Coloradia doris,latent_1,ldlm,-0.30064473,0.1748274
Coloradia doris,latent_1,rdlm,-0.2549283,0.1748274
Coloradia doris,latent_1,rdvm,-0.15471128,0.1748274
Coloradia doris,latent_1,rsa,0.18675406,0.1748274
Coloradia doris,latent_1,rax,-0.27837324,0.1748274
Coloradia doris,latent_1,rba,0.069079034,0.1748274
Coloradia doris,latent_1,lax_count,0.09310205,0.1748274
Coloradia doris,latent_1,lba_count,0.44448924,0.1748274
Coloradia doris,latent_1,lsa_count,0.18010163,0.1748274
Coloradia doris,latent_1,ldvm_count,0.10075138,0.1748274
Coloradia doris,latent_1,ldlm_count,-0.21612082,0.1748274
Coloradia doris,latent_1,rdlm_count,0.07771238,0.1748274
Coloradia doris,latent_1,rdvm_count,-0.5921581,0.1748274
Coloradia doris,latent_1,rsa_count,0.245191,0.1748274
Coloradia doris,latent_1,rax_count,0.17406124,0.1748274
Coloradia doris,latent_1,rba_count,-0.0154162645,0.1748274
Coloradia doris,latent_2,lax,0.2197287,-0.2040441
Coloradia doris,latent_2,lba,-0.18128543,-0.2040441
Coloradia doris,latent_2,lsa,0.1769172,-0.2040441
Coloradia doris,latent_2,ldvm,-0.086842045,-0.2040441
Coloradia doris,latent_2,ldlm,0.11455037,-0.2040441
Coloradia doris,latent_2,rdlm,0.03308209,-0.2040441
Coloradia doris,latent_2,rdvm,0.12196623,-0.2040441
Coloradia doris,latent_2,rsa,-0.2510696,-0.2040441
Coloradia doris,latent_2,rax,0.17115167,-0.2040441
Coloradia doris,latent_2,rba,-0.04719071,-0.2040441
Coloradia doris,latent_2,lax_count,0.3248639,-0.2040441
Coloradia doris,latent_2,lba_count,-0.12418521,-0.2040441
Coloradia doris,latent_2,lsa_count,-0.21338223,-0.2040441
Coloradia doris,latent_2,ldvm_count,-0.0395007,-0.2040441
Coloradia doris,latent_2,ldlm_count,0.10226723,-0.2040441
Coloradia doris,latent_2,rdlm_count,-0.07444462,-0.2040441
Coloradia doris,latent_2,rdvm_count,0.3659912,-0.2040441
Coloradia doris,latent_2,rsa_count,-0.091114774,-0.2040441
Coloradia doris,latent_2,rax_count,0.0047218236,-0.2040441
Coloradia doris,latent_2,rba_count,0.0544344,-0.2040441
Hemaris diffinis,latent_1,lax,-0.08021535,0.052410975
Hemaris diffinis,latent_1,lba,0.35758376,0.052410975
Hemaris diffinis,latent_1,lsa,-0.036164463,0.052410975
Hemaris diffinis,latent_1,ldvm,-0.534191,0.052410975
Hemaris diffinis,latent_1,ldlm,-0.07754592,0.052410975
Hemaris diffinis,latent_1,rdlm,-0.116151534,0.052410975
Hemaris diffinis,latent_1,rdvm,0.31557313,0.052410975
Hemaris diffinis,latent_1,rsa,-0.07310837,0.052410975
Hemaris diffinis,latent_1,rax,-0.07143711,0.052410975
Hemaris diffinis,latent_1,rba,-0.08387455,0.052410975
Hemaris diffinis,latent_1,lax_count,-0.5900692,0.052410975
Hemaris diffinis,latent_1,lba_count,0.37129563,0.052410975
Hemaris diffinis,latent_1,lsa_count,-0.49865997,0.052410975
Hemaris diffinis,latent_1,ldvm_count,-0.4354134,0.052410975
Hemaris diffinis,latent_1,ldlm_count,-0.66268873,0.052410975
Hemaris diffinis,latent_1,rdlm_count,0.35002008,0.052410975
Hemaris diffinis,latent_1,rdvm_count,0.2860678,0.052410975
Hemaris diffinis,latent_1,rsa_count,-0.3851627,0.052410975
Hemaris diffinis,latent_1,rax_count,0.29704636,0.052410975
Hemaris diffinis,latent_1,rba_count,-0.5112202,0.052410975
Hemaris diffinis,latent_2,lax,0.15584615,-0.3822265
Hemaris diffinis,latent_2,lba,-0.14090444,-0.3822265
Hemaris diffinis,latent_2,lsa,-0.07781449,-0.3822265
Hemaris diffinis,latent_2,ldvm,0.29859588,-0.3822265
Hemaris diffinis,latent_2,ldlm,-0.27007037,-0.3822265
Hemaris diffinis,latent_2,rdlm,-0.24994273,-0.3822265
Hemaris diffinis,latent_2,rdvm,-0.30556503,-0.3822265
Hemaris diffinis,latent_2,rsa,-0.04498461,-0.3822265
Hemaris diffinis,latent_2,rax,-0.21272269,-0.3822265
Hemaris diffinis,latent_2,rba,-0.13519882,-0.3822265
Hemaris diffinis,latent_2,lax_count,0.24339259,-0.3822265
Hemaris diffinis,latent_2,lba_count,-0.5623409,-0.3822265
Hemaris diffinis,latent_2,lsa_count,0.47595063,-0.3822265
Hemaris diffinis,latent_2,ldvm_count,0.16784675,-0.3822265
Hemaris diffinis,latent_2,ldlm_count,0.35458854,-0.3822265
Hemaris diffinis,latent_2,rdlm_count,-0.3646802,-0.3822265
Hemaris diffinis,latent_2,rdvm_count,-0.53590924,-0.3822265
Hemaris diffinis,latent_2,rsa_count,0.6396248,-0.3822265
Hemaris diffinis,latent_2,rax_count,-0.3093542,-0.3822265
Hemaris diffinis,latent_2,rba_count,0.3630947,-0.3822265
Hyalophora columbia,latent_1,lax,0.29542577,-0.24388117
Hyalophora columbia,latent_1,lba,-0.06299886,-0.24388117
Hyalophora columbia,latent_1,lsa,0.025724014,-0.24388117
Hyalophora columbia,latent_1,ldvm,0.5159205,-0.24388117
Hyalophora columbia,latent_1,ldlm,0.36734274,-0.24388117
Hyalophora columbia,latent_1,rdlm,0.08063474,-0.24388117
Hyalophora columbia,latent_1,rdvm,-0.39356747,-0.24388117
Hyalophora columbia,latent_1,rsa,-0.2325527,-0.24388117
Hyalophora columbia,latent_1,rax,-0.26647547,-0.24388117
Hyalophora columbia,latent_1,rba,-0.33484876,-0.24388117
Hyalophora columbia,latent_1,lax_count,0.18150441,-0.24388117
Hyalophora columbia,latent_1,lba_count,0.010181351,-0.24388117
Hyalophora columbia,latent_1,lsa_count,0.01051751,-0.24388117
Hyalophora columbia,latent_1,ldvm_count,-0.034547295,-0.24388117
Hyalophora columbia,latent_1,ldlm_count,0.24464801,-0.24388117
Hyalophora columbia,latent_1,rdlm_count,0.3181738,-0.24388117
Hyalophora columbia,latent_1,rdvm_count,0.011641956,-0.24388117
Hyalophora columbia,latent_1,rsa_count,0.11271696,-0.24388117
Hyalophora columbia,latent_1,rax_count,-0.08747902,-0.24388117
Hyalophora columbia,latent_1,rba_count,-0.25460196,-0.24388117
Hyalophora columbia,latent_2,lax,-0.089407474,-0.053788375
Hyalophora columbia,latent_2,lba,0.16597782,-0.053788375
Hyalophora columbia,latent_2,lsa,-0.046988856,-0.053788375
Hyalophora columbia,latent_2,ldvm,-0.24036479,-0.053788375
Hyalophora columbia,latent_2,ldlm,-0.42411873,-0.053788375
Hyalophora columbia,latent_2,rdlm,-0.0138073405,-0.053788375
Hyalophora columbia,latent_2,rdvm,0.16897364,-0.053788375
Hyalophora columbia,latent_2,rsa,0.15472099,-0.053788375
Hyalophora columbia,latent_2,rax,0.09331502,-0.053788375
Hyalophora columbia,latent_2,rba,0.017128663,-0.053788375
Hyalophora columbia,latent_2,lax_count,-0.2785387,-0.053788375
Hyalophora columbia,latent_2,lba_count,-0.09586224,-0.053788375
Hyalophora columbia,latent_2,lsa_count,0.17524545,-0.053788375
Hyalophora columbia,latent_2,ldvm_count,0.044742685,-0.053788375
Hyalophora columbia,latent_2,ldlm_count,-0.1088505,-0.053788375
Hyalophora columbia,latent_2,rdlm_count,0.057054497,-0.053788375
Hyalophora columbia,latent_2,rdvm_count,0.16228062,-0.053788375
Hyalophora columbia,latent_2,rsa_count,-0.2696505,-0.053788375
Hyalophora columbia,latent_2,rax_count,-0.13969016,-0.053788375
Hyalophora columbia,latent_2,rba_count,0.089647695,-0.053788375
Hyles lineata,latent_1,lax,0.036583293,-0.07055854
Hyles lineata,latent_1,lba,0.033690743,-0.07055854
Hyles lineata,latent_1,lsa,0.019517714,-0.07055854
Hyles lineata,latent_1,ldvm,0.22325782,-0.07055854
Hyles lineata,latent_1,ldlm,0.39532065,-0.07055854
Hyles lineata,latent_1,rdlm,0.29316434,-0.07055854
Hyles lineata,latent_1,rdvm,0.03199884,-0.07055854
Hyles lineata,latent_1,rsa,-0.22020982,-0.07055854
Hyles lineata,latent_1,rax,0.028080652,-0.07055854
Hyles lineata,latent_1,rba,-0.5281048,-0.07055854
Hyles lineata,latent_1,lax_count,0.2809534,-0.07055854
Hyles lineata,latent_1,lba_count,0.108915575,-0.07055854
Hyles lineata,latent_1,lsa_count,0.92726403,-0.07055854
Hyles lineata,latent_1,ldvm_count,-0.019897858,-0.07055854
Hyles lineata,latent_1,ldlm_count,-0.04232118,-0.07055854
Hyles lineata,latent_1,rdlm_count,-0.4209432,-0.07055854
Hyles lineata,latent_1,rdvm_count,0.044985797,-0.07055854
Hyles lineata,latent_1,rsa_count,-0.23120046,-0.07055854
Hyles lineata,latent_1,rax_count,0.559829,-0.07055854
Hyles lineata,latent_1,rba_count,-0.10161956,-0.07055854
Hyles lineata,latent_2,lax,0.07608522,-0.23119186
Hyles lineata,latent_2,lba,-0.0031513765,-0.23119186
Hyles lineata,latent_2,lsa,0.2064935,-0.23119186
Hyles lineata,latent_2,ldvm,-0.19281062,-0.23119186
Hyles lineata,latent_2,ldlm,-0.4035729,-0.23119186
Hyles lineata,latent_2,rdlm,-0.08726569,-0.23119186
Hyles lineata,latent_2,rdvm,0.08288337,-0.23119186
Hyles lineata,latent_2,rsa,0.6010534,-0.23119186
Hyles lineata,latent_2,rax,-0.050803997,-0.23119186
Hyles lineata,latent_2,rba,0.4707587,-0.23119186
Hyles lineata,latent_2,lax_count,0.12589125,-0.23119186
Hyles lineata,latent_2,lba_count,-0.2966921,-0.23119186
Hyles lineata,latent_2,lsa_count,-0.9518653,-0.23119186
Hyles lineata,latent_2,ldvm_count,0.0367975,-0.23119186
Hyles lineata,latent_2,ldlm_count,-0.17241898,-0.23119186
Hyles lineata,latent_2,rdlm_count,0.5851669,-0.23119186
Hyles lineata,latent_2,rdvm_count,-0.09457222,-0.23119186
Hyles lineata,latent_2,rsa_count,0.33264714,-0.23119186
Hyles lineata,latent_2,rax_count,-0.6550209,-0.23119186
Hyles lineata,latent_2,rba_count,0.008213886,-0.23119186
Manduca sexta,latent_1,lax,-0.09816528,0.00010434327
Manduca sexta,latent_1,lba,0.25752872,0.00010434327
Manduca sexta,latent_1,lsa,-0.0074140416,0.00010434327
Manduca sexta,latent_1,ldvm,0.27054006,0.00010434327
Manduca sexta,latent_1,ldlm,0.21289039,0.00010434327
Manduca sexta,latent_1,rdlm,0.130067,0.00010434327
Manduca sexta,latent_1,rdvm,0.24983256,0.00010434327
Manduca sexta,latent_1,rsa,-0.117523,0.00010434327
Manduca sexta,latent_1,rax,-0.06911829,0.00010434327
Manduca sexta,latent_1,rba,-0.08060049,0.00010434327
Manduca sexta,latent_1,lax_count,0.20163606,0.00010434327
Manduca sexta,latent_1,lba_count,0.2707547,0.00010434327
Manduca sexta,latent_1,lsa_count,-0.24746422,0.00010434327
Manduca sexta,latent_1,ldvm_count,-0.080380805,0.00010434327
Manduca sexta,latent_1,ldlm_count,-0.009636121,0.00010434327
Manduca sexta,latent_1,rdlm_count,0.107148305,0.00010434327
Manduca sexta,latent_1,rdvm_count,-0.2482129,0.00010434327
Manduca sexta,latent_1,rsa_count,-0.15711756,0.00010434327
Manduca sexta,latent_1,rax_count,-0.5252843,0.00010434327
Manduca sexta,latent_1,rba_count,0.09815786,0.00010434327
Manduca sexta,latent_2,lax,-0.2333521,-0.20774794
Manduca sexta,latent_2,lba,-0.10141093,-0.20774794
Manduca sexta,latent_2,lsa,0.2125667,-0.20774794
Manduca sexta,latent_2,ldvm,-0.1514189,-0.20774794
Manduca sexta,latent_2,ldlm,-0.20845829,-0.20774794
Manduca sexta,latent_2,rdlm,0.021150632,-0.20774794
Manduca sexta,latent_2,rdvm,-0.12257909,-0.20774794
Manduca sexta,latent_2,rsa,0.27850178,-0.20774794
Manduca sexta,latent_2,rax,0.3435876,-0.20774794
Manduca sexta,latent_2,rba,0.33810246,-0.20774794
Manduca sexta,latent_2,lax_count,0.0152767375,-0.20774794
Manduca sexta,latent_2,lba_count,-0.2001006,-0.20774794
Manduca sexta,latent_2,lsa_count,0.33628932,-0.20774794
Manduca sexta,latent_2,ldvm_count,0.003236674,-0.20774794
Manduca sexta,latent_2,ldlm_count,-0.18042727,-0.20774794
Manduca sexta,latent_2,rdlm_count,-0.24608612,-0.20774794
Manduca sexta,latent_2,rdvm_count,0.35844603,-0.20774794
Manduca sexta,latent_2,rsa_count,0.44792292,-0.20774794
Manduca sexta,latent_2,rax_count,0.5854699,-0.20774794
Manduca sexta,latent_2,rba_count,-0.08864915,-0.20774794
Saturnia walterorum,latent_1,lax,-0.09783708,0.11839158
Saturnia walterorum,latent_1,lba,-0.098584846,0.11839158
Saturnia walterorum,latent_1,lsa,0.26849684,0.11839158
Saturnia walterorum,latent_1,ldvm,-0.03997199,0.11839158
Saturnia walterorum,latent_1,ldlm,0.17838144,0.11839158
Saturnia walterorum,latent_1,rdlm,-0.19066344,0.11839158
Saturnia walterorum,latent_1,rdvm,-0.10965607,0.11839158
Saturnia walterorum,latent_1,rsa,-0.37314138,0.11839158
Saturnia walterorum,latent_1,rax,-0.05572363,0.11839158
Saturnia walterorum,latent_1,rba,0.3062132,0.11839158
Saturnia walterorum,latent_1,lax_count,0.030207312,0.11839158
Saturnia walterorum,latent_1,lba_count,0.15093683,0.11839158
Saturnia walterorum,latent_1,lsa_count,0.23287101,0.11839158
Saturnia walterorum,latent_1,ldvm_count,0.03490368,0.11839158
Saturnia walterorum,latent_1,ldlm_count,-0.29940018,0.11839158
Saturnia walterorum,latent_1,rdlm_count,0.014217211,0.11839158
Saturnia walterorum,latent_1,rdvm_count,0.009077656,0.11839158
Saturnia walterorum,latent_1,rsa_count,0.25739118,0.11839158
Saturnia walterorum,latent_1,rax_count,0.24523321,0.11839158
Saturnia walterorum,latent_1,rba_count,-0.23604678,0.11839158
Saturnia walterorum,latent_2,lax,0.31393835,0.020083945
Saturnia walterorum,latent_2,lba,0.17860809,0.020083945
Saturnia walterorum,latent_2,lsa,-0.10740026,0.020083945
Saturnia walterorum,latent_2,ldvm,-0.028761996,0.020083945
Saturnia walterorum,latent_2,ldlm,-0.2454914,0.020083945
Saturnia walterorum,latent_2,rdlm,-0.19473101,0.020083945
Saturnia walterorum,latent_2,rdvm,0.018822111,0.020083945
Saturnia walterorum,latent_2,rsa,0.09296581,0.020083945
Saturnia walterorum,latent_2,rax,0.2493502,0.020083945
Saturnia walterorum,latent_2,rba,-0.23388667,0.020083945
Saturnia walterorum,latent_2,lax_count,-0.43912604,0.020083945
Saturnia walterorum,latent_2,lba_count,-0.1431037,0.020083945
Saturnia walterorum,latent_2,lsa_count,-0.10838954,0.020083945
Saturnia walterorum,latent_2,ldvm_count,0.050374504,0.020083945
Saturnia walterorum,latent_2,ldlm_count,0.21379124,0.020083945
Saturnia walterorum,latent_2,rdlm_count,-0.17487767,0.020083945
Saturnia walterorum,latent_2,rdvm_count,0.0384894,0.020083945
Saturnia walterorum,latent_2,rsa_count,-0.3128765,0.020083945
Saturnia walterorum,latent_2,rax_count,-0.053522583,0.020083945
Saturnia walterorum,latent_2,rba_count,0.05946575,0.020083945
